Algo,DataOrder,Size,Time(ns)
Bubble Sort,Random,16,2233.33
Gnome Sort,Random,16,1733.33
Cocktail Sort,Random,16,2000
Selection Sort,Random,16,1566.67
Insertion Sort,Random,16,1000
Binary Insertion Sort,Random,16,1600
Shell Sort,Random,16,1400
Comb Sort,Random,16,1233.33
Cycle Sort,Random,16,2433.33
Odd-Even Sort,Random,16,1766.67
Pancake Sort,Random,16,1166.67
Bubble Sort,Random,32,6566.67
Gnome Sort,Random,32,4966.67
Cocktail Sort,Random,32,6100
Selection Sort,Random,32,2933.33
Insertion Sort,Random,32,2166.67
Binary Insertion Sort,Random,32,3466.67
Shell Sort,Random,32,2433.33
Comb Sort,Random,32,1733.33
Cycle Sort,Random,32,2233.33
Odd-Even Sort,Random,32,3833.33
Pancake Sort,Random,32,2533.33
Bubble Sort,Random,64,19966.7
Gnome Sort,Random,64,17466.7
Cocktail Sort,Random,64,20933.3
Selection Sort,Random,64,7266.67
Insertion Sort,Random,64,4466.67
Binary Insertion Sort,Random,64,14366.7
Shell Sort,Random,64,5366.67
Comb Sort,Random,64,4133.33
Cycle Sort,Random,64,4600
Odd-Even Sort,Random,64,10933.3
Pancake Sort,Random,64,7200
Bubble Sort,Random,128,74533.3
Gnome Sort,Random,128,67333.3
Cocktail Sort,Random,128,75500
Selection Sort,Random,128,19933.3
Insertion Sort,Random,128,10266.7
Binary Insertion Sort,Random,128,17766.7
Shell Sort,Random,128,12266.7
Comb Sort,Random,128,9000
Cycle Sort,Random,128,11966.7
Odd-Even Sort,Random,128,33966.7
Pancake Sort,Random,128,22766.7
Bubble Sort,Random,256,278967
Gnome Sort,Random,256,257633
Cocktail Sort,Random,256,280067
Selection Sort,Random,256,55766.7
Insertion Sort,Random,256,24966.7
Binary Insertion Sort,Random,256,39633.3
Shell Sort,Random,256,30400
Comb Sort,Random,256,20133.3
Cycle Sort,Random,256,35066.7
Odd-Even Sort,Random,256,98600
Pancake Sort,Random,256,79333.3
Bubble Sort,Random,512,1.04273e+06
Gnome Sort,Random,512,1.0089e+06
Cocktail Sort,Random,512,1.04687e+06
Selection Sort,Random,512,199967
Insertion Sort,Random,512,62933.3
Binary Insertion Sort,Random,512,171067
Shell Sort,Random,512,105600
Comb Sort,Random,512,101300
Cycle Sort,Random,512,127933
Odd-Even Sort,Random,512,302533
Pancake Sort,Random,512,335267
Bubble Sort,Random,1024,2.93777e+06
Gnome Sort,Random,1024,3.63433e+06
Cocktail Sort,Random,1024,3.70797e+06
Selection Sort,Random,1024,508767
Insertion Sort,Random,1024,179133
Binary Insertion Sort,Random,1024,178500
Shell Sort,Random,1024,135067
Comb Sort,Random,1024,95100
Cycle Sort,Random,1024,360333
Odd-Even Sort,Random,1024,855167
Pancake Sort,Random,1024,1.11043e+06
Bubble Sort,Random,2048,1.22148e+07
Gnome Sort,Random,2048,8.79947e+06
Cocktail Sort,Random,2048,1.00563e+07
Selection Sort,Random,2048,1.2434e+06
Insertion Sort,Random,2048,328533
Binary Insertion Sort,Random,2048,254667
Shell Sort,Random,2048,177167
Comb Sort,Random,2048,159800
Cycle Sort,Random,2048,670433
Odd-Even Sort,Random,2048,1.73733e+06
Pancake Sort,Random,2048,2.74457e+06
Bubble Sort,Random,4096,4.09539e+07
Gnome Sort,Random,4096,3.91369e+07
Cocktail Sort,Random,4096,3.30827e+07
Selection Sort,Random,4096,3.65667e+06
Insertion Sort,Random,4096,1.19743e+06
Binary Insertion Sort,Random,4096,691167
Shell Sort,Random,4096,403133
Comb Sort,Random,4096,279633
Cycle Sort,Random,4096,2.8898e+06
Odd-Even Sort,Random,4096,6.75747e+06
Pancake Sort,Random,4096,1.10277e+07
Bubble Sort,Random,8192,1.78364e+08
Gnome Sort,Random,8192,1.30075e+08
Cocktail Sort,Random,8192,1.52531e+08
Selection Sort,Random,8192,1.36265e+07
Insertion Sort,Random,8192,4.51487e+06
Binary Insertion Sort,Random,8192,2.21163e+06
Shell Sort,Random,8192,938133
Comb Sort,Random,8192,623167
Cycle Sort,Random,8192,1.635e+07
Odd-Even Sort,Random,8192,2.72312e+07
Pancake Sort,Random,8192,4.54229e+07
Bubble Sort,Random,16384,7.62743e+08
Gnome Sort,Random,16384,5.11261e+08
Cocktail Sort,Random,16384,6.08282e+08
Selection Sort,Random,16384,5.4543e+07
Insertion Sort,Random,16384,1.6612e+07
Binary Insertion Sort,Random,16384,9.8694e+06
Shell Sort,Random,16384,2.11817e+06
Comb Sort,Random,16384,1.34493e+06
Cycle Sort,Random,16384,6.4831e+07
Odd-Even Sort,Random,16384,1.1646e+08
Pancake Sort,Random,16384,1.88312e+08
Bubble Sort,Sorted,16,366.667
Gnome Sort,Sorted,16,300
Cocktail Sort,Sorted,16,266.667
Selection Sort,Sorted,16,200
Insertion Sort,Sorted,16,266.667
Binary Insertion Sort,Sorted,16,300
Shell Sort,Sorted,16,400
Comb Sort,Sorted,16,333.333
Cycle Sort,Sorted,16,300
Odd-Even Sort,Sorted,16,433.333
Pancake Sort,Sorted,16,266.667
Bubble Sort,Sorted,32,6033.33
Gnome Sort,Sorted,32,500
Cocktail Sort,Sorted,32,500
Selection Sort,Sorted,32,466.667
Insertion Sort,Sorted,32,266.667
Binary Insertion Sort,Sorted,32,400
Shell Sort,Sorted,32,666.667
Comb Sort,Sorted,32,533.333
Cycle Sort,Sorted,32,400
Odd-Even Sort,Sorted,32,1066.67
Pancake Sort,Sorted,32,533.333
Bubble Sort,Sorted,64,2266.67
Gnome Sort,Sorted,64,933.333
Cocktail Sort,Sorted,64,900
Selection Sort,Sorted,64,1300
Insertion Sort,Sorted,64,433.333
Binary Insertion Sort,Sorted,64,600
Shell Sort,Sorted,64,1100
Comb Sort,Sorted,64,1233.33
Cycle Sort,Sorted,64,900
Odd-Even Sort,Sorted,64,3300
Pancake Sort,Sorted,64,1600
Bubble Sort,Sorted,128,7166.67
Gnome Sort,Sorted,128,1900
Cocktail Sort,Sorted,128,1800
Selection Sort,Sorted,128,4100
Insertion Sort,Sorted,128,766.667
Binary Insertion Sort,Sorted,128,1233.33
Shell Sort,Sorted,128,3166.67
Comb Sort,Sorted,128,2100
Cycle Sort,Sorted,128,2133.33
Odd-Even Sort,Sorted,128,10033.3
Pancake Sort,Sorted,128,6000
Bubble Sort,Sorted,256,24833.3
Gnome Sort,Sorted,256,3666.67
Cocktail Sort,Sorted,256,3500
Selection Sort,Sorted,256,14600
Insertion Sort,Sorted,256,1500
Binary Insertion Sort,Sorted,256,2066.67
Shell Sort,Sorted,256,7600
Comb Sort,Sorted,256,4333.33
Cycle Sort,Sorted,256,6066.67
Odd-Even Sort,Sorted,256,28533.3
Pancake Sort,Sorted,256,24800
Bubble Sort,Sorted,512,94933.3
Gnome Sort,Sorted,512,7500
Cocktail Sort,Sorted,512,7033.33
Selection Sort,Sorted,512,55033.3
Insertion Sort,Sorted,512,2966.67
Binary Insertion Sort,Sorted,512,4000
Shell Sort,Sorted,512,17300
Comb Sort,Sorted,512,8800
Cycle Sort,Sorted,512,19733.3
Odd-Even Sort,Sorted,512,97033.3
Pancake Sort,Sorted,512,103933
Bubble Sort,Sorted,1024,345400
Gnome Sort,Sorted,1024,15000
Cocktail Sort,Sorted,1024,13966.7
Selection Sort,Sorted,1024,215533
Insertion Sort,Sorted,1024,6066.67
Binary Insertion Sort,Sorted,1024,8266.67
Shell Sort,Sorted,1024,38866.7
Comb Sort,Sorted,1024,17600
Cycle Sort,Sorted,1024,72966.7
Odd-Even Sort,Sorted,1024,367367
Pancake Sort,Sorted,1024,489967
Bubble Sort,Sorted,2048,1.96067e+06
Gnome Sort,Sorted,2048,30033.3
Cocktail Sort,Sorted,2048,29533.3
Selection Sort,Sorted,2048,892567
Insertion Sort,Sorted,2048,11933.3
Binary Insertion Sort,Sorted,2048,18133.3
Shell Sort,Sorted,2048,92800
Comb Sort,Sorted,2048,39866.7
Cycle Sort,Sorted,2048,260633
Odd-Even Sort,Sorted,2048,1.81193e+06
Pancake Sort,Sorted,2048,1.80513e+06
Bubble Sort,Sorted,4096,5.4602e+06
Gnome Sort,Sorted,4096,63400
Cocktail Sort,Sorted,4096,66566.7
Selection Sort,Sorted,4096,3.7165e+06
Insertion Sort,Sorted,4096,23700
Binary Insertion Sort,Sorted,4096,53533.3
Shell Sort,Sorted,4096,203733
Comb Sort,Sorted,4096,79333.3
Cycle Sort,Sorted,4096,1.33603e+06
Odd-Even Sort,Sorted,4096,5.8221e+06
Pancake Sort,Sorted,4096,7.29877e+06
Bubble Sort,Sorted,8192,2.76295e+07
Gnome Sort,Sorted,8192,156367
Cocktail Sort,Sorted,8192,138833
Selection Sort,Sorted,8192,1.40516e+07
Insertion Sort,Sorted,8192,53766.7
Binary Insertion Sort,Sorted,8192,146100
Shell Sort,Sorted,8192,596500
Comb Sort,Sorted,8192,222633
Cycle Sort,Sorted,8192,6.08243e+06
Odd-Even Sort,Sorted,8192,2.40054e+07
Pancake Sort,Sorted,8192,2.92273e+07
Bubble Sort,Sorted,16384,9.94515e+07
Gnome Sort,Sorted,16384,250033
Cocktail Sort,Sorted,16384,225367
Selection Sort,Sorted,16384,5.63575e+07
Insertion Sort,Sorted,16384,103333
Binary Insertion Sort,Sorted,16384,357733
Shell Sort,Sorted,16384,1.16143e+06
Comb Sort,Sorted,16384,332100
Cycle Sort,Sorted,16384,2.6719e+07
Odd-Even Sort,Sorted,16384,9.39598e+07
Pancake Sort,Sorted,16384,1.30614e+08
Bubble Sort,Reverse-Sorted,16,933.333
Gnome Sort,Reverse-Sorted,16,966.667
Cocktail Sort,Reverse-Sorted,16,933.333
Selection Sort,Reverse-Sorted,16,300
Insertion Sort,Reverse-Sorted,16,466.667
Binary Insertion Sort,Reverse-Sorted,16,566.667
Shell Sort,Reverse-Sorted,16,500
Comb Sort,Reverse-Sorted,16,300
Cycle Sort,Reverse-Sorted,16,500
Odd-Even Sort,Reverse-Sorted,16,333.333
Pancake Sort,Reverse-Sorted,16,233.333
Bubble Sort,Reverse-Sorted,32,15133.3
Gnome Sort,Reverse-Sorted,32,3766.67
Cocktail Sort,Reverse-Sorted,32,3400
Selection Sort,Reverse-Sorted,32,700
Insertion Sort,Reverse-Sorted,32,500
Binary Insertion Sort,Reverse-Sorted,32,966.667
Shell Sort,Reverse-Sorted,32,733.333
Comb Sort,Reverse-Sorted,32,566.667
Cycle Sort,Reverse-Sorted,32,766.667
Odd-Even Sort,Reverse-Sorted,32,500
Pancake Sort,Reverse-Sorted,32,533.333
Bubble Sort,Reverse-Sorted,64,20166.7
Gnome Sort,Reverse-Sorted,64,15666.7
Cocktail Sort,Reverse-Sorted,64,14100
Selection Sort,Reverse-Sorted,64,2100
Insertion Sort,Reverse-Sorted,64,1066.67
Binary Insertion Sort,Reverse-Sorted,64,1933.33
Shell Sort,Reverse-Sorted,64,1366.67
Comb Sort,Reverse-Sorted,64,1233.33
Cycle Sort,Reverse-Sorted,64,1633.33
Odd-Even Sort,Reverse-Sorted,64,1566.67
Pancake Sort,Reverse-Sorted,64,1800
Bubble Sort,Reverse-Sorted,128,57533.3
Gnome Sort,Reverse-Sorted,128,64266.7
Cocktail Sort,Reverse-Sorted,128,59133.3
Selection Sort,Reverse-Sorted,128,6366.67
Insertion Sort,Reverse-Sorted,128,2766.67
Binary Insertion Sort,Reverse-Sorted,128,4033.33
Shell Sort,Reverse-Sorted,128,3333.33
Comb Sort,Reverse-Sorted,128,2133.33
Cycle Sort,Reverse-Sorted,128,4233.33
Odd-Even Sort,Reverse-Sorted,128,6766.67
Pancake Sort,Reverse-Sorted,128,6466.67
Bubble Sort,Reverse-Sorted,256,273200
Gnome Sort,Reverse-Sorted,256,248233
Cocktail Sort,Reverse-Sorted,256,219367
Selection Sort,Reverse-Sorted,256,18733.3
Insertion Sort,Reverse-Sorted,256,10533.3
Binary Insertion Sort,Reverse-Sorted,256,10300
Shell Sort,Reverse-Sorted,256,7966.67
Comb Sort,Reverse-Sorted,256,4066.67
Cycle Sort,Reverse-Sorted,256,11700
Odd-Even Sort,Reverse-Sorted,256,23600
Pancake Sort,Reverse-Sorted,256,55400
Bubble Sort,Reverse-Sorted,512,936300
Gnome Sort,Reverse-Sorted,512,963100
Cocktail Sort,Reverse-Sorted,512,909667
Selection Sort,Reverse-Sorted,512,81433.3
Insertion Sort,Reverse-Sorted,512,36966.7
Binary Insertion Sort,Reverse-Sorted,512,25866.7
Shell Sort,Reverse-Sorted,512,16066.7
Comb Sort,Reverse-Sorted,512,7600
Cycle Sort,Reverse-Sorted,512,34000
Odd-Even Sort,Reverse-Sorted,512,96900
Pancake Sort,Reverse-Sorted,512,102033
Bubble Sort,Reverse-Sorted,1024,3.59183e+06
Gnome Sort,Reverse-Sorted,1024,4.5153e+06
Cocktail Sort,Reverse-Sorted,1024,3.9416e+06
Selection Sort,Reverse-Sorted,1024,241733
Insertion Sort,Reverse-Sorted,1024,137167
Binary Insertion Sort,Reverse-Sorted,1024,78166.7
Shell Sort,Reverse-Sorted,1024,36600
Comb Sort,Reverse-Sorted,1024,15733.3
Cycle Sort,Reverse-Sorted,1024,118667
Odd-Even Sort,Reverse-Sorted,1024,337567
Pancake Sort,Reverse-Sorted,1024,418400
Bubble Sort,Reverse-Sorted,2048,1.37956e+07
Gnome Sort,Reverse-Sorted,2048,1.65445e+07
Cocktail Sort,Reverse-Sorted,2048,1.60225e+07
Selection Sort,Reverse-Sorted,2048,919167
Insertion Sort,Reverse-Sorted,2048,649367
Binary Insertion Sort,Reverse-Sorted,2048,390367
Shell Sort,Reverse-Sorted,2048,106600
Comb Sort,Reverse-Sorted,2048,39166.7
Cycle Sort,Reverse-Sorted,2048,508700
Odd-Even Sort,Reverse-Sorted,2048,1.35827e+06
Pancake Sort,Reverse-Sorted,2048,1.716e+06
Bubble Sort,Reverse-Sorted,4096,6.48325e+07
Gnome Sort,Reverse-Sorted,4096,6.44154e+07
Cocktail Sort,Reverse-Sorted,4096,6.74562e+07
Selection Sort,Reverse-Sorted,4096,3.55793e+06
Insertion Sort,Reverse-Sorted,4096,2.01597e+06
Binary Insertion Sort,Reverse-Sorted,4096,811333
Shell Sort,Reverse-Sorted,4096,196733
Comb Sort,Reverse-Sorted,4096,66933.3
Cycle Sort,Reverse-Sorted,4096,1.71593e+06
Odd-Even Sort,Reverse-Sorted,4096,5.30873e+06
Pancake Sort,Reverse-Sorted,4096,7.3522e+06
Bubble Sort,Reverse-Sorted,8192,2.46448e+08
Gnome Sort,Reverse-Sorted,8192,2.79418e+08
Cocktail Sort,Reverse-Sorted,8192,2.51687e+08
Selection Sort,Reverse-Sorted,8192,1.66638e+07
Insertion Sort,Reverse-Sorted,8192,9.4939e+06
Binary Insertion Sort,Reverse-Sorted,8192,3.78917e+06
Shell Sort,Reverse-Sorted,8192,495733
Comb Sort,Reverse-Sorted,8192,238533
Cycle Sort,Reverse-Sorted,8192,1.02256e+07
Odd-Even Sort,Reverse-Sorted,8192,2.6759e+07
Pancake Sort,Reverse-Sorted,8192,3.46469e+07
Bubble Sort,Reverse-Sorted,16384,9.86468e+08
Gnome Sort,Reverse-Sorted,16384,1.06437e+09
Cocktail Sort,Reverse-Sorted,16384,1.00628e+09
Selection Sort,Reverse-Sorted,16384,6.13227e+07
Insertion Sort,Reverse-Sorted,16384,3.52393e+07
Binary Insertion Sort,Reverse-Sorted,16384,2.35104e+07
Shell Sort,Reverse-Sorted,16384,1.11973e+06
Comb Sort,Reverse-Sorted,16384,460833
Cycle Sort,Reverse-Sorted,16384,4.66962e+07
Odd-Even Sort,Reverse-Sorted,16384,1.01197e+08
Pancake Sort,Reverse-Sorted,16384,1.43116e+08
Bubble Sort,Nearly-Sorted,16,333.333
Gnome Sort,Nearly-Sorted,16,200
Cocktail Sort,Nearly-Sorted,16,366.667
Selection Sort,Nearly-Sorted,16,333.333
Insertion Sort,Nearly-Sorted,16,366.667
Binary Insertion Sort,Nearly-Sorted,16,466.667
Shell Sort,Nearly-Sorted,16,566.667
Comb Sort,Nearly-Sorted,16,400
Cycle Sort,Nearly-Sorted,16,466.667
Odd-Even Sort,Nearly-Sorted,16,433.333
Pancake Sort,Nearly-Sorted,16,466.667
Bubble Sort,Nearly-Sorted,32,766.667
Gnome Sort,Nearly-Sorted,32,433.333
Cocktail Sort,Nearly-Sorted,32,466.667
Selection Sort,Nearly-Sorted,32,766.667
Insertion Sort,Nearly-Sorted,32,400
Binary Insertion Sort,Nearly-Sorted,32,600
Shell Sort,Nearly-Sorted,32,766.667
Comb Sort,Nearly-Sorted,32,600
Cycle Sort,Nearly-Sorted,32,633.333
Odd-Even Sort,Nearly-Sorted,32,766.667
Pancake Sort,Nearly-Sorted,32,866.667
Bubble Sort,Nearly-Sorted,64,1633.33
Gnome Sort,Nearly-Sorted,64,566.667
Cocktail Sort,Nearly-Sorted,64,666.667
Selection Sort,Nearly-Sorted,64,1733.33
Insertion Sort,Nearly-Sorted,64,500
Binary Insertion Sort,Nearly-Sorted,64,666.667
Shell Sort,Nearly-Sorted,64,1200
Comb Sort,Nearly-Sorted,64,800
Cycle Sort,Nearly-Sorted,64,900
Odd-Even Sort,Nearly-Sorted,64,1400
Pancake Sort,Nearly-Sorted,64,1666.67
Bubble Sort,Nearly-Sorted,128,3600
Gnome Sort,Nearly-Sorted,128,800
Cocktail Sort,Nearly-Sorted,128,933.333
Selection Sort,Nearly-Sorted,128,4233.33
Insertion Sort,Nearly-Sorted,128,633.333
Binary Insertion Sort,Nearly-Sorted,128,1233.33
Shell Sort,Nearly-Sorted,128,2700
Comb Sort,Nearly-Sorted,128,1366.67
Cycle Sort,Nearly-Sorted,128,2166.67
Odd-Even Sort,Nearly-Sorted,128,3466.67
Pancake Sort,Nearly-Sorted,128,6033.33
Bubble Sort,Nearly-Sorted,256,19133.3
Gnome Sort,Nearly-Sorted,256,3333.33
Cocktail Sort,Nearly-Sorted,256,3400
Selection Sort,Nearly-Sorted,256,14666.7
Insertion Sort,Nearly-Sorted,256,1666.67
Binary Insertion Sort,Nearly-Sorted,256,2566.67
Shell Sort,Nearly-Sorted,256,9266.67
Comb Sort,Nearly-Sorted,256,3466.67
Cycle Sort,Nearly-Sorted,256,6566.67
Odd-Even Sort,Nearly-Sorted,256,17433.3
Pancake Sort,Nearly-Sorted,256,24933.3
Bubble Sort,Nearly-Sorted,512,79766.7
Gnome Sort,Nearly-Sorted,512,12866.7
Cocktail Sort,Nearly-Sorted,512,13366.7
Selection Sort,Nearly-Sorted,512,55033.3
Insertion Sort,Nearly-Sorted,512,4366.67
Binary Insertion Sort,Nearly-Sorted,512,5900
Shell Sort,Nearly-Sorted,512,18633.3
Comb Sort,Nearly-Sorted,512,10533.3
Cycle Sort,Nearly-Sorted,512,20700
Odd-Even Sort,Nearly-Sorted,512,71000
Pancake Sort,Nearly-Sorted,512,104433
Bubble Sort,Nearly-Sorted,1024,332800
Gnome Sort,Nearly-Sorted,1024,42633.3
Cocktail Sort,Nearly-Sorted,1024,44600
Selection Sort,Nearly-Sorted,1024,230400
Insertion Sort,Nearly-Sorted,1024,11766.7
Binary Insertion Sort,Nearly-Sorted,1024,16266.7
Shell Sort,Nearly-Sorted,1024,57433.3
Comb Sort,Nearly-Sorted,1024,29300
Cycle Sort,Nearly-Sorted,1024,93966.7
Odd-Even Sort,Nearly-Sorted,1024,358733
Pancake Sort,Nearly-Sorted,1024,716433
Bubble Sort,Nearly-Sorted,2048,2.39487e+06
Gnome Sort,Nearly-Sorted,2048,186767
Cocktail Sort,Nearly-Sorted,2048,175900
Selection Sort,Nearly-Sorted,2048,830500
Insertion Sort,Nearly-Sorted,2048,26966.7
Binary Insertion Sort,Nearly-Sorted,2048,40166.7
Shell Sort,Nearly-Sorted,2048,111433
Comb Sort,Nearly-Sorted,2048,62266.7
Cycle Sort,Nearly-Sorted,2048,238767
Odd-Even Sort,Nearly-Sorted,2048,1.58587e+06
Pancake Sort,Nearly-Sorted,2048,2.03733e+06
Bubble Sort,Nearly-Sorted,4096,5.83733e+06
Gnome Sort,Nearly-Sorted,4096,679333
Cocktail Sort,Nearly-Sorted,4096,713467
Selection Sort,Nearly-Sorted,4096,3.29867e+06
Insertion Sort,Nearly-Sorted,4096,67566.7
Binary Insertion Sort,Nearly-Sorted,4096,99566.7
Shell Sort,Nearly-Sorted,4096,355867
Comb Sort,Nearly-Sorted,4096,226633
Cycle Sort,Nearly-Sorted,4096,1.0455e+06
Odd-Even Sort,Nearly-Sorted,4096,5.17783e+06
Pancake Sort,Nearly-Sorted,4096,7.18277e+06
Bubble Sort,Nearly-Sorted,8192,3.22255e+07
Gnome Sort,Nearly-Sorted,8192,4.5728e+06
Cocktail Sort,Nearly-Sorted,8192,3.52497e+06
Selection Sort,Nearly-Sorted,8192,1.74903e+07
Insertion Sort,Nearly-Sorted,8192,225167
Binary Insertion Sort,Nearly-Sorted,8192,376200
Shell Sort,Nearly-Sorted,8192,1.12053e+06
Comb Sort,Nearly-Sorted,8192,642833
Cycle Sort,Nearly-Sorted,8192,8.168e+06
Odd-Even Sort,Nearly-Sorted,8192,2.91391e+07
Pancake Sort,Nearly-Sorted,8192,3.70045e+07
Bubble Sort,Nearly-Sorted,16384,1.18796e+08
Gnome Sort,Nearly-Sorted,16384,1.20714e+07
Cocktail Sort,Nearly-Sorted,16384,1.21275e+07
Selection Sort,Nearly-Sorted,16384,5.45251e+07
Insertion Sort,Nearly-Sorted,16384,491633
Binary Insertion Sort,Nearly-Sorted,16384,640900
Shell Sort,Nearly-Sorted,16384,1.76977e+06
Comb Sort,Nearly-Sorted,16384,926333
Cycle Sort,Nearly-Sorted,16384,2.57024e+07
Odd-Even Sort,Nearly-Sorted,16384,1.14396e+08
Pancake Sort,Nearly-Sorted,16384,1.36626e+08
Bubble Sort,Few-Unique,16,733.333
Gnome Sort,Few-Unique,16,700
Cocktail Sort,Few-Unique,16,866.667
Selection Sort,Few-Unique,16,466.667
Insertion Sort,Few-Unique,16,566.667
Binary Insertion Sort,Few-Unique,16,766.667
Shell Sort,Few-Unique,16,800
Comb Sort,Few-Unique,16,366.667
Cycle Sort,Few-Unique,16,866.667
Odd-Even Sort,Few-Unique,16,766.667
Pancake Sort,Few-Unique,16,433.333
Bubble Sort,Few-Unique,32,2133.33
Gnome Sort,Few-Unique,32,1900
Cocktail Sort,Few-Unique,32,2333.33
Selection Sort,Few-Unique,32,1200
Insertion Sort,Few-Unique,32,1000
Binary Insertion Sort,Few-Unique,32,1533.33
Shell Sort,Few-Unique,32,700
Comb Sort,Few-Unique,32,566.667
Cycle Sort,Few-Unique,32,1133.33
Odd-Even Sort,Few-Unique,32,1933.33
Pancake Sort,Few-Unique,32,1133.33
Bubble Sort,Few-Unique,64,8000
Gnome Sort,Few-Unique,64,6900
Cocktail Sort,Few-Unique,64,8233.33
Selection Sort,Few-Unique,64,2566.67
Insertion Sort,Few-Unique,64,2100
Binary Insertion Sort,Few-Unique,64,3300
Shell Sort,Few-Unique,64,1866.67
Comb Sort,Few-Unique,64,1133.33
Cycle Sort,Few-Unique,64,2633.33
Odd-Even Sort,Few-Unique,64,5300
Pancake Sort,Few-Unique,64,3300
Bubble Sort,Few-Unique,128,33633.3
Gnome Sort,Few-Unique,128,28166.7
Cocktail Sort,Few-Unique,128,34166.7
Selection Sort,Few-Unique,128,7333.33
Insertion Sort,Few-Unique,128,4600
Binary Insertion Sort,Few-Unique,128,7833.33
Shell Sort,Few-Unique,128,3766.67
Comb Sort,Few-Unique,128,2700
Cycle Sort,Few-Unique,128,6766.67
Odd-Even Sort,Few-Unique,128,16900
Pancake Sort,Few-Unique,128,10533.3
Bubble Sort,Few-Unique,256,127867
Gnome Sort,Few-Unique,256,118933
Cocktail Sort,Few-Unique,256,295533
Selection Sort,Few-Unique,256,30000
Insertion Sort,Few-Unique,256,11866.7
Binary Insertion Sort,Few-Unique,256,19633.3
Shell Sort,Few-Unique,256,9866.67
Comb Sort,Few-Unique,256,7000
Cycle Sort,Few-Unique,256,43933.3
Odd-Even Sort,Few-Unique,256,49933.3
Pancake Sort,Few-Unique,256,39133.3
Bubble Sort,Few-Unique,512,488200
Gnome Sort,Few-Unique,512,487333
Cocktail Sort,Few-Unique,512,483100
Selection Sort,Few-Unique,512,70633.3
Insertion Sort,Few-Unique,512,30800
Binary Insertion Sort,Few-Unique,512,43000
Shell Sort,Few-Unique,512,22500
Comb Sort,Few-Unique,512,14566.7
Cycle Sort,Few-Unique,512,59833.3
Odd-Even Sort,Few-Unique,512,156800
Pancake Sort,Few-Unique,512,150567
Bubble Sort,Few-Unique,1024,1.91197e+06
Gnome Sort,Few-Unique,1024,1.89847e+06
Cocktail Sort,Few-Unique,1024,2.44163e+06
Selection Sort,Few-Unique,1024,282333
Insertion Sort,Few-Unique,1024,92200
Binary Insertion Sort,Few-Unique,1024,168700
Shell Sort,Few-Unique,1024,54466.7
Comb Sort,Few-Unique,1024,32800
Cycle Sort,Few-Unique,1024,210800
Odd-Even Sort,Few-Unique,1024,506100
Pancake Sort,Few-Unique,1024,688100
Bubble Sort,Few-Unique,2048,7.93663e+06
Gnome Sort,Few-Unique,2048,7.54723e+06
Cocktail Sort,Few-Unique,2048,7.43813e+06
Selection Sort,Few-Unique,2048,1.13973e+06
Insertion Sort,Few-Unique,2048,450700
Binary Insertion Sort,Few-Unique,2048,462200
Shell Sort,Few-Unique,2048,212933
Comb Sort,Few-Unique,2048,145467
Cycle Sort,Few-Unique,2048,1.18093e+06
Odd-Even Sort,Few-Unique,2048,2.67787e+06
Pancake Sort,Few-Unique,2048,3.83903e+06
Bubble Sort,Few-Unique,4096,4.98841e+07
Gnome Sort,Few-Unique,4096,2.97142e+07
Cocktail Sort,Few-Unique,4096,3.50651e+07
Selection Sort,Few-Unique,4096,3.42293e+06
Insertion Sort,Few-Unique,4096,1.11903e+06
Binary Insertion Sort,Few-Unique,4096,718433
Shell Sort,Few-Unique,4096,367933
Comb Sort,Few-Unique,4096,162267
Cycle Sort,Few-Unique,4096,2.947e+06
Odd-Even Sort,Few-Unique,4096,7.56217e+06
Pancake Sort,Few-Unique,4096,1.06674e+07
Bubble Sort,Few-Unique,8192,1.99966e+08
Gnome Sort,Few-Unique,8192,1.57843e+08
Cocktail Sort,Few-Unique,8192,1.55307e+08
Selection Sort,Few-Unique,8192,1.33482e+07
Insertion Sort,Few-Unique,8192,4.467e+06
Binary Insertion Sort,Few-Unique,8192,2.40953e+06
Shell Sort,Few-Unique,8192,698767
Comb Sort,Few-Unique,8192,419900
Cycle Sort,Few-Unique,8192,1.66779e+07
Odd-Even Sort,Few-Unique,8192,2.91447e+07
Pancake Sort,Few-Unique,8192,5.30565e+07
Bubble Sort,Few-Unique,16384,8.36097e+08
Gnome Sort,Few-Unique,16384,5.50587e+08
Cocktail Sort,Few-Unique,16384,6.59168e+08
Selection Sort,Few-Unique,16384,7.00344e+07
Insertion Sort,Few-Unique,16384,2.32156e+07
Binary Insertion Sort,Few-Unique,16384,1.4001e+07
Shell Sort,Few-Unique,16384,2.8158e+06
Comb Sort,Few-Unique,16384,1.14497e+06
Cycle Sort,Few-Unique,16384,7.16898e+07
Odd-Even Sort,Few-Unique,16384,1.13473e+08
Pancake Sort,Few-Unique,16384,1.9427e+08
Bubble Sort,Partial-Reverse,16,333.333
Gnome Sort,Partial-Reverse,16,233.333
Cocktail Sort,Partial-Reverse,16,400
Selection Sort,Partial-Reverse,16,400
Insertion Sort,Partial-Reverse,16,333.333
Binary Insertion Sort,Partial-Reverse,16,466.667
Shell Sort,Partial-Reverse,16,500
Comb Sort,Partial-Reverse,16,466.667
Cycle Sort,Partial-Reverse,16,500
Odd-Even Sort,Partial-Reverse,16,333.333
Pancake Sort,Partial-Reverse,16,500
Bubble Sort,Partial-Reverse,32,1100
Gnome Sort,Partial-Reverse,32,766.667
Cocktail Sort,Partial-Reverse,32,1133.33
Selection Sort,Partial-Reverse,32,933.333
Insertion Sort,Partial-Reverse,32,633.333
Binary Insertion Sort,Partial-Reverse,32,933.333
Shell Sort,Partial-Reverse,32,600
Comb Sort,Partial-Reverse,32,466.667
Cycle Sort,Partial-Reverse,32,733.333
Odd-Even Sort,Partial-Reverse,32,500
Pancake Sort,Partial-Reverse,32,766.667
Bubble Sort,Partial-Reverse,64,1700
Gnome Sort,Partial-Reverse,64,966.667
Cocktail Sort,Partial-Reverse,64,1833.33
Selection Sort,Partial-Reverse,64,1700
Insertion Sort,Partial-Reverse,64,866.667
Binary Insertion Sort,Partial-Reverse,64,1433.33
Shell Sort,Partial-Reverse,64,1166.67
Comb Sort,Partial-Reverse,64,800
Cycle Sort,Partial-Reverse,64,1433.33
Odd-Even Sort,Partial-Reverse,64,800
Pancake Sort,Partial-Reverse,64,1866.67
Bubble Sort,Partial-Reverse,128,7366.67
Gnome Sort,Partial-Reverse,128,5166.67
Cocktail Sort,Partial-Reverse,128,7366.67
Selection Sort,Partial-Reverse,128,4900
Insertion Sort,Partial-Reverse,128,2000
Binary Insertion Sort,Partial-Reverse,128,3733.33
Shell Sort,Partial-Reverse,128,2733.33
Comb Sort,Partial-Reverse,128,1633.33
Cycle Sort,Partial-Reverse,128,3633.33
Odd-Even Sort,Partial-Reverse,128,2266.67
Pancake Sort,Partial-Reverse,128,6500
Bubble Sort,Partial-Reverse,256,15933.3
Gnome Sort,Partial-Reverse,256,11166.7
Cocktail Sort,Partial-Reverse,256,16433.3
Selection Sort,Partial-Reverse,256,15633.3
Insertion Sort,Partial-Reverse,256,2800
Binary Insertion Sort,Partial-Reverse,256,6633.33
Shell Sort,Partial-Reverse,256,6100
Comb Sort,Partial-Reverse,256,2833.33
Cycle Sort,Partial-Reverse,256,9300
Odd-Even Sort,Partial-Reverse,256,4933.33
Pancake Sort,Partial-Reverse,256,25766.7
Bubble Sort,Partial-Reverse,512,54300
Gnome Sort,Partial-Reverse,512,36400
Cocktail Sort,Partial-Reverse,512,55066.7
Selection Sort,Partial-Reverse,512,56500
Insertion Sort,Partial-Reverse,512,6866.67
Binary Insertion Sort,Partial-Reverse,512,15633.3
Shell Sort,Partial-Reverse,512,14366.7
Comb Sort,Partial-Reverse,512,5900
Cycle Sort,Partial-Reverse,512,24966.7
Odd-Even Sort,Partial-Reverse,512,15500
Pancake Sort,Partial-Reverse,512,105567
Bubble Sort,Partial-Reverse,1024,164867
Gnome Sort,Partial-Reverse,1024,115067
Cocktail Sort,Partial-Reverse,1024,167067
Selection Sort,Partial-Reverse,1024,228933
Insertion Sort,Partial-Reverse,1024,14900
Binary Insertion Sort,Partial-Reverse,1024,33366.7
Shell Sort,Partial-Reverse,1024,38933.3
Comb Sort,Partial-Reverse,1024,11966.7
Cycle Sort,Partial-Reverse,1024,84466.7
Odd-Even Sort,Partial-Reverse,1024,44700
Pancake Sort,Partial-Reverse,1024,428667
Bubble Sort,Partial-Reverse,2048,515100
Gnome Sort,Partial-Reverse,2048,340767
Cocktail Sort,Partial-Reverse,2048,541967
Selection Sort,Partial-Reverse,2048,1.1725e+06
Insertion Sort,Partial-Reverse,2048,30900
Binary Insertion Sort,Partial-Reverse,2048,72566.7
Shell Sort,Partial-Reverse,2048,80100
Comb Sort,Partial-Reverse,2048,25066.7
Cycle Sort,Partial-Reverse,2048,291500
Odd-Even Sort,Partial-Reverse,2048,138833
Pancake Sort,Partial-Reverse,2048,1.91883e+06
Bubble Sort,Partial-Reverse,4096,1.411e+06
Gnome Sort,Partial-Reverse,4096,903300
Cocktail Sort,Partial-Reverse,4096,1.9341e+06
Selection Sort,Partial-Reverse,4096,4.044e+06
Insertion Sort,Partial-Reverse,4096,60833.3
Binary Insertion Sort,Partial-Reverse,4096,137867
Shell Sort,Partial-Reverse,4096,187267
Comb Sort,Partial-Reverse,4096,50766.7
Cycle Sort,Partial-Reverse,4096,1.1473e+06
Odd-Even Sort,Partial-Reverse,4096,320900
Pancake Sort,Partial-Reverse,4096,1.14055e+07
Bubble Sort,Partial-Reverse,8192,6.65603e+06
Gnome Sort,Partial-Reverse,8192,2.7627e+06
Cocktail Sort,Partial-Reverse,8192,4.133e+06
Selection Sort,Partial-Reverse,8192,1.35229e+07
Insertion Sort,Partial-Reverse,8192,153067
Binary Insertion Sort,Partial-Reverse,8192,327333
Shell Sort,Partial-Reverse,8192,434167
Comb Sort,Partial-Reverse,8192,120167
Cycle Sort,Partial-Reverse,8192,5.7241e+06
Odd-Even Sort,Partial-Reverse,8192,1.38197e+06
Pancake Sort,Partial-Reverse,8192,3.53749e+07
Bubble Sort,Partial-Reverse,16384,1.1717e+07
Gnome Sort,Partial-Reverse,16384,9.5238e+06
Cocktail Sort,Partial-Reverse,16384,1.51456e+07
Selection Sort,Partial-Reverse,16384,5.71119e+07
Insertion Sort,Partial-Reverse,16384,359333
Binary Insertion Sort,Partial-Reverse,16384,775867
Shell Sort,Partial-Reverse,16384,989867
Comb Sort,Partial-Reverse,16384,266267
Cycle Sort,Partial-Reverse,16384,3.4517e+07
Odd-Even Sort,Partial-Reverse,16384,5.00463e+06
Pancake Sort,Partial-Reverse,16384,1.33452e+08
